region,tik,invalid,valid,КПРФ,ЗЕЛЕНЫЕ,ЛДПР,НЛ,ЕР,СР,ЯБЛОКО,ПР,РПСС,КР,ГП,ЗА,РОДИНА
Белгородская область,Алексеевская,173,37588,4221,118,1410,897,27641,1577,132,73,193,283,56,67,129
Белгородская область,Белгородская городская,2552,131728,29375,1773,10475,11971,52348,12679,1236,440,1150,1948,145,1218,1322
Белгородская область,Белгородская районная,1382,66835,14261,777,6026,5532,28655,5208,553,228,570,1102,111,482,599
Белгородская область,Борисовская,139,16465,1991,75,789,394,10513,1783,70,53,91,183,25,57,74
Белгородская область,Валуйская,616,35963,6335,178,3175,1396,20444,2123,128,56,190,561,38,133,201
Белгородская область,Вейделевская,28,13925,1431,47,416,127,11179,270,39,23,46,78,12,26,44
Белгородская область,Волоконовская,343,20321,2182,68,1007,320,15437,451,40,17,49,234,17,44,62
Белгородская область,Грайворонская,182,15525,1857,87,1125,482,10225,851,43,21,61,177,24,52,78
Белгородская область,Губкинская,780,42821,10119,277,3459,2659,18053,4630,188,123,279,808,29,235,319
Белгородская область,Ивнянская,154,14233,1665,57,652,338,10287,495,26,17,57,177,29,24,52
Белгородская область,Корочанская,485,22238,4651,167,1982,1004,11235,1445,99,46,140,413,26,104,123
Белгородская область,Красненская,46,7523,864,13,298,119,5798,187,17,4,13,72,2,8,16
Белгородская область,Красногвардейская,248,20021,3466,103,1750,714,11444,1139,77,35,70,365,20,59,95
Белгородская область,Краснояружская,126,9486,1124,39,579,216,6601,470,27,13,30,125,4,28,23
Белгородская область,Новооскольская,128,24640,2707,78,1196,433,18300,651,73,45,107,285,47,62,105
Белгородская область,Прохоровская,211,16380,2127,101,1118,537,10849,700,50,28,84,209,17,58,63
Белгородская область,Ракитянская,275,19287,2643,122,1176,439,13107,751,66,42,78,240,37,85,93
Белгородская область,Ровеньская,218,11159,2874,51,1051,386,5501,532,34,22,40,221,8,47,44
Белгородская область,Старооскольская,2070,97078,25665,962,7850,7849,37118,7815,674,293,867,1837,134,770,988
Белгородская область,Чернянская,130,19742,1865,87,951,401,14823,485,87,60,96,252,53,51,79
Белгородская область,Шебекинская,707,34844,9107,259,3268,2019,13798,3256,126,82,250,732,38,172,282
Белгородская область,Яковлевская,539,34686,4638,236,2621,1687,20609,2283,204,77,193,560,45,125,237
Брянская область,Брасовская,159,11472,1781,33,764,315,7799,340,28,26,36,102,15,16,44
Брянская область,"Брянск, Бежицкая",627,76090,10186,316,9880,1174,44758,4693,559,271,391,436,229,273,2154
Брянская область,"Брянск, Володарская",518,42338,4205,167,4776,452,27830,2470,227,114,121,213,101,125,1157
Брянская область,"Брянск, Советская",1290,54196,11159,370,5527,2531,27427,3343,394,276,355,433,248,366,621
Брянская область,"Брянск, Фокинская",153,45868,4569,73,3964,407,33420,2675,138,84,95,95,74,48,85
Брянская область,Брянская-77,167,21993,1841,43,1381,322,17090,654,70,94,52,107,33,48,97
Брянская область,Брянская-78,242,12031,2153,60,833,429,6865,1006,67,37,68,117,10,48,63
Брянская область,Выгоничская,185,10324,1430,34,670,200,7390,270,18,10,29,82,12,23,40
Брянская область,Гордеевская,25,7112,376,1,439,48,6064,146,5,1,4,11,1,1,4
Брянская область,Дубровская,142,7659,1624,38,808,267,3751,653,50,31,45,90,10,30,45
Брянская область,Дятьковская,395,40637,5605,108,3847,583,27073,2216,118,143,123,176,32,72,154
Брянская область,Жирятинская,26,3285,510,8,327,104,1923,244,15,15,10,26,1,9,28
Брянская область,Жуковская,432,14396,3717,44,980,589,7226,1024,57,25,88,182,12,49,88
Брянская область,Злынковская,232,6577,846,30,464,279,4271,273,37,27,43,86,19,23,48
Брянская область,Карачевская,306,17051,3242,72,1311,704,9746,924,75,61,103,258,36,63,124
Брянская область,Клетнянская,539,9278,1625,29,602,187,6040,459,22,18,37,73,5,15,25
Брянская область,Климовская,357,15717,2320,79,1503,626,9448,869,46,44,94,216,28,56,66
Брянская область,Клинцовская,76,8956,1002,25,860,179,5854,627,50,29,46,75,15,20,49
Брянская область,Клинцовская городская,110,38067,3647,80,3709,177,27953,1929,66,38,64,83,49,43,67
Брянская область,Комаричская,94,9911,1297,19,535,232,7410,183,15,11,25,53,2,9,35
Брянская область,Красногорская,38,7697,617,8,422,62,6100,358,5,6,7,44,1,7,12
Брянская область,Мглинская,84,10862,902,19,668,148,8576,362,14,5,20,41,11,5,27
Брянская область,Навлинская,118,15135,1780,59,1528,216,10678,402,51,53,57,78,24,35,47
Брянская область,Новозыбковская городская,802,23891,4203,129,1870,1627,13273,1093,110,94,181,356,58,101,150
Брянская область,Погарская,256,17489,2103,50,1325,414,12226,624,42,37,77,165,28,37,76
Брянская область,Почепская,344,17488,3167,59,1592,715,10346,736,55,42,83,216,29,47,86
Брянская область,Рогнединская,40,3628,626,5,312,69,2275,204,6,5,12,22,0,3,17
Брянская область,Севская,100,8880,1092,20,726,219,5991,417,16,18,28,75,39,16,39
Брянская область,Сельцовская городская,199,6455,1569,34,592,458,2492,743,43,21,55,76,7,52,84
Брянская область,Стародубская,191,23712,1742,35,759,307,20173,245,41,31,40,98,42,30,36
Брянская область,Суземская,163,9835,1292,26,886,206,6667,344,30,31,44,83,23,39,38
Брянская область,Суражская,116,12787,1457,51,590,228,9341,751,35,19,38,82,9,16,34
Брянская область,Трубчевская,253,18796,3256,50,950,373,12892,513,55,27,79,203,14,36,64
Брянская область,Унечская,359,22562,3642,71,1501,534,14965,1052,53,48,66,149,28,52,116
Владимирская область,Александровская,816,27279,8175,279,2609,2291,8970,2236,286,233,418,373,47,152,286
Владимирская область,"Владимир, Ленинская",757,37627,10343,459,2915,3261,13422,3056,665,224,799,434,43,337,394
Владимирская область,"Владимир, Октябрьская",685,31001,8486,406,2476,2656,10795,2756,615,199,687,265,35,273,318
Владимирская область,"Владимир, Фрунзенская",621,29547,7870,308,2348,2311,11032,2616,520,126,551,265,28,226,280
Владимирская область,Вязниковская,602,22883,5364,114,2486,1415,10308,1762,104,73,186,225,11,74,126
Владимирская область,Гороховецкая,121,7106,1707,58,714,353,3093,624,38,49,85,86,27,48,50
Владимирская область,Гусь-Хрустальная,226,12313,2868,61,1221,651,5977,807,42,21,99,126,9,32,66
Владимирская область,Гусь-Хрустальная городская,334,16095,4286,131,1512,1272,6323,1313,101,65,222,155,20,83,159
Владимирская область,Камешковская,234,9041,2209,70,894,563,3910,692,48,19,96,109,11,37,75
Владимирская область,Киржачская,263,11129,3346,93,984,898,3836,915,102,39,170,181,13,63,104
Владимирская область,Ковровская,272,10135,2156,88,1392,564,4684,576,63,31,82,83,3,33,83
Владимирская область,Ковровская городская,987,40901,10704,416,3737,3570,14921,3478,486,211,585,480,48,309,451
Владимирская область,Кольчугинская,515,16476,5020,154,1820,1222,5362,1316,258,52,242,232,18,98,142
Владимирская область,Меленковская,447,12854,2907,73,1688,672,5791,859,73,35,129,158,15,57,67
Владимирская область,Муром округ,883,37911,10177,342,3617,2836,15085,2887,399,169,442,402,34,220,291
Владимирская область,Муромская,195,7393,1597,54,770,405,3710,417,54,12,71,79,4,27,26
Владимирская область,Петушинская,534,16420,4164,157,1571,1270,6622,1232,157,39,194,216,14,98,165
Владимирская область,Радужная городская,134,5440,1580,48,325,482,1807,671,47,28,77,71,0,35,59
Владимирская область,Селивановская,134,5948,1650,37,713,307,2234,577,31,27,69,68,0,26,36
Владимирская область,Собинская,515,16035,4411,138,1701,1049,6272,1190,89,74,158,201,11,88,115
Владимирская область,Судогодская,239,10720,3016,69,1204,867,3894,841,61,39,99,154,11,41,70
Владимирская область,Суздальская,336,13240,3508,115,1319,1026,5238,951,101,46,184,163,13,67,124
Владимирская область,Юрьев-Польская,207,10237,2853,69,1339,608,3959,712,51,28,94,117,4,43,63
Воронежская область,Cемилукская,386,21953,5553,125,1913,1291,9825,1674,114,51,147,255,20,93,384
Воронежская область,Аннинская,1296,22108,2579,53,1074,685,16290,620,101,21,61,172,11,40,154
Воронежская область,Бобровская,79,31244,1892,49,821,297,27207,407,75,20,40,83,16,19,95
Воронежская область,Богучарская,138,25062,3263,95,1385,619,17853,961,89,47,86,202,17,39,102
Воронежская область,Борисоглебская,670,27010,6605,183,2335,2110,10380,2527,130,73,199,483,24,173,1123
Воронежская область,Бутурлиновская,140,32938,2536,63,788,397,27988,476,54,45,70,151,14,34,118
Воронежская область,Верхнемамонская,140,9452,2062,55,823,574,4411,883,36,28,76,134,9,34,120
Воронежская область,Верхнехавская,303,12126,2870,63,1040,697,5844,801,52,32,58,180,14,47,178
Воронежская область,Воробьевская,62,11107,1387,42,575,175,8304,214,28,17,41,81,14,28,51
Воронежская область,"Воронеж, Железнодорожная",818,40623,11859,492,2659,3238,15518,3253,531,143,342,523,32,314,835
Воронежская область,"Воронеж, Коминтерновская",1405,70436,21667,754,4602,6682,21866,7588,1018,237,656,898,82,577,2037
Воронежская область,"Воронеж, Левобережная",1055,48223,14933,538,3532,3689,16670,4112,571,131,407,760,55,401,1192
Воронежская область,"Воронеж, Ленинская",732,35618,10022,457,2294,2909,13684,2765,647,120,365,384,39,314,770
Воронежская область,"Воронеж, Советская",999,50192,16013,595,3559,4168,16539,4405,716,157,471,712,48,447,1234
Воронежская область,"Воронеж, Центральная",863,33954,9692,635,2399,3148,11460,2944,689,166,329,391,35,415,836
Воронежская область,Грибановская,327,15027,3525,75,1235,898,7377,926,47,31,65,231,19,65,263
Воронежская область,Калачеевская,612,21257,4319,105,1234,914,12628,1049,48,25,102,235,12,44,202
Воронежская область,Каменская,190,7579,2020,45,774,653,3102,464,35,9,50,149,7,17,67
Воронежская область,Кантемировская,388,16049,4788,111,1815,911,5878,1277,54,43,119,331,17,73,204
Воронежская область,Каширская,88,15260,2397,13,2071,124,10210,288,34,8,24,21,11,21,19
Воронежская область,Лискинская,328,52372,7619,210,2835,2137,35466,1761,179,77,268,445,51,134,390
Воронежская область,Нижнедевицкая,59,10712,1938,22,469,191,7484,297,24,10,30,52,9,22,68
Воронежская область,Нововоронежская городская,334,14440,3676,170,1271,1074,5763,1258,137,42,110,162,11,115,256
Воронежская область,Новоусманская,388,56834,6240,114,3027,2974,39382,940,157,69,139,226,44,116,3027
Воронежская область,Новохоперская,90,24815,1363,78,584,278,21398,452,64,24,69,122,33,47,133
Воронежская область,Ольховатская,241,12593,1576,75,889,361,8609,392,45,23,65,166,10,53,131
Воронежская область,Острогожская,136,35470,3386,58,921,501,29303,557,65,30,61,184,17,37,136
Воронежская область,Павловская,327,22746,5759,103,1352,937,12352,1199,78,36,76,236,15,48,229
Воронежская область,Панинская,96,15272,1486,24,672,370,11866,360,21,10,30,120,20,17,114
Воронежская область,Петропавловская,63,12144,1513,17,469,292,9314,222,16,7,24,70,3,15,58
Воронежская область,Поворинская,98,16118,2438,31,506,272,12101,350,24,12,33,95,7,23,83
Воронежская область,Подгоренская,118,11785,1936,49,728,328,7589,479,25,26,43,255,12,26,86
Воронежская область,Рамонская,114,22567,2607,58,1297,1227,16202,457,71,53,79,136,25,47,120
Воронежская область,Репьевская,33,10450,1066,18,392,320,8104,142,21,8,28,55,4,14,54
Воронежская область,Россошанская,881,33928,10683,276,3379,2234,12125,2652,142,68,240,569,29,158,497
Воронежская область,Таловская,119,23255,2942,63,925,514,17608,471,44,24,78,183,14,42,116
Воронежская область,Терновская,201,11248,1720,34,573,417,7645,391,22,16,34,126,9,28,96
Воронежская область,Хохольская,72,19267,2666,73,965,598,13417,728,76,32,72,111,15,39,142
Воронежская область,Эртильская,208,13391,2798,74,1137,986,6793,724,42,41,56,189,13,46,207
Ивановская область,Верхнеландеховская,28,2179,353,6,148,44,1306,203,4,4,10,29,1,6,11
Ивановская область,Вичугская,178,5150,1850,46,460,305,1696,380,38,8,28,93,5,18,33
Ивановская область,Вичугская городская,393,10275,3281,69,1040,840,3515,691,114,20,64,165,8,57,82
Ивановская область,Гаврилово-Посадская,146,5530,1249,43,546,231,2774,305,34,13,44,71,4,23,32
Ивановская область,Заволжская,130,5073,1736,23,504,297,1644,377,55,16,40,96,5,22,55
Ивановская область,"Иваново, Ленинская",747,36356,10875,468,3059,2886,11544,3242,1190,188,318,422,41,333,442
Ивановская область,"Иваново, Октябрьская",497,22352,6597,312,2379,1591,6735,2227,528,78,239,279,21,222,317
Ивановская область,"Иваново, Советская",543,14044,4436,157,1409,1031,4232,1238,349,52,129,219,11,87,158
Ивановская область,"Иваново, Фрунзенская",516,28635,8458,338,2628,2018,9539,2623,634,112,253,387,35,239,342
Ивановская область,Ивановская-91,313,8689,1973,69,694,489,4179,645,98,19,52,108,7,36,54
Ивановская область,Ивановская-92,85,3731,829,39,345,200,1735,265,67,9,16,63,9,14,22
Ивановская область,Ильинская,53,2798,680,18,352,123,1147,262,20,12,16,44,5,13,23
Ивановская область,Кинешемская,150,6431,1917,47,1015,385,2037,472,67,13,46,113,5,21,78
Ивановская область,Кинешемская городская,489,20469,7711,133,1831,1422,5713,1481,280,66,161,363,13,86,531
Ивановская область,Комсомольская,89,9026,1381,18,607,186,6098,235,53,26,42,89,7,23,43
Ивановская область,Кохомская городская,291,7099,2180,48,642,452,2627,561,69,18,47,105,6,38,61
Ивановская область,Лежневская,139,7319,1609,39,614,409,3621,402,53,15,50,109,32,30,57
Ивановская область,Лухская,58,2497,620,13,290,114,1087,171,12,8,14,45,1,6,15
Ивановская область,Палехская,63,3705,1166,19,329,147,1456,292,35,8,12,57,7,22,17
Ивановская область,Пестяковская,65,2109,653,8,244,95,738,182,11,8,23,33,2,8,16
Ивановская область,Приволжская,167,7111,2118,51,629,409,2782,468,89,22,65,143,13,29,63
Ивановская область,Пучежская,149,4897,1554,29,508,182,1787,389,29,27,36,104,4,19,41
Ивановская область,Родниковская,218,9459,3104,70,940,636,3111,670,137,25,63,167,9,53,70
Ивановская область,Савинская,51,3414,660,22,904,131,1136,245,19,11,17,55,3,17,24
Ивановская область,Тейковская,103,4590,932,24,600,203,2084,334,32,14,31,86,5,13,32
Ивановская область,Тейковская городская,606,10997,2201,98,944,543,5890,555,121,28,79,103,7,76,59
Ивановская область,Фурмановская,317,11535,4026,84,987,650,3961,781,127,33,78,237,16,77,96
Ивановская область,Шуйская,109,7543,1484,46,720,281,3887,564,48,10,42,110,6,27,42
Ивановская область,Шуйская городская,595,15499,4737,140,1321,737,5605,1652,120,30,72,206,8,94,101
Ивановская область,Южская,161,7320,1475,46,990,353,3291,563,53,23,45,98,6,40,47
Ивановская область,Юрьевецкая,133,5108,1556,41,483,262,1955,369,43,21,41,96,3,23,37
Калужская область,Бабынинская,192,8007,1649,56,882,665,3086,1034,37,17,58,104,3,35,46
Калужская область,Барятинская,83,2254,463,14,218,103,1096,146,8,5,12,40,2,13,8
Калужская область,Боровская,514,21822,4748,276,2298,1824,8186,2074,265,154,271,350,54,208,201
Калужская область,Дзержинская,594,16649,3816,178,1535,1555,6044,1961,116,55,128,249,11,107,99
Калужская область,Думиничская,130,5096,1050,35,624,295,2229,408,28,6,33,67,8,24,19
Калужская область,Жиздринская,130,4962,978,27,643,318,2250,298,28,15,51,71,8,19,27
Калужская область,Жуковская,443,16376,3866,185,1634,1357,6277,1454,177,58,158,241,34,89,134
Калужская область,Износковская,76,2629,606,35,427,139,939,247,23,5,20,51,3,14,12
Калужская область,"Калуга, Ленинская",1039,44941,9831,656,3749,4310,15199,6223,887,227,465,528,51,449,410
Калужская область,"Калуга, Московская",881,36624,8486,441,3237,3353,12160,5185,493,183,320,494,37,342,314
Калужская область,"Калуга, Октябрьская",654,28592,6930,328,2710,2713,9171,3900,462,127,241,399,27,253,252
Калужская область,Кировская,324,12790,3743,88,1081,788,5128,945,69,35,76,184,14,79,89
Калужская область,Козельская,387,14479,2883,126,1511,1050,6123,1448,114,42,115,193,13,96,101
Калужская область,Куйбышевская,75,3231,1213,13,267,144,1284,132,12,4,17,40,0,10,12
Калужская область,Людиновская,480,15306,3856,141,1844,1245,5451,1351,111,52,110,236,13,101,105
Калужская область,Малоярославецкая,451,17228,4020,155,1556,1366,6774,1582,164,79,191,250,22,137,131
Калужская область,Медынская,218,5377,972,53,792,411,2200,475,27,21,40,64,9,42,31
Калужская область,Мещовская,100,4915,1114,34,424,252,2392,347,24,15,25,69,7,17,24
Калужская область,Мосальская,90,4281,751,35,527,210,2068,361,13,12,38,61,6,23,23
Калужская область,Обнинская городская,777,32809,7885,469,2465,3082,9987,4614,823,179,509,503,45,279,433
Калужская область,Перемышльская,204,6400,1082,61,724,505,2806,672,33,12,46,95,3,37,46
Калужская область,Спас-Деменская,73,3395,702,16,267,158,1791,208,16,10,21,41,7,17,14
Калужская область,Сухиничская,199,9963,1849,59,963,622,4757,954,40,29,67,113,14,29,60
Калужская область,Тарусская,158,5718,1324,61,626,410,2087,537,56,20,55,124,4,46,51
Калужская область,Ульяновская,77,3208,594,17,362,211,1571,196,18,7,14,32,6,15,14
Калужская область,Ферзиковская,205,7197,1350,88,774,637,2909,714,67,19,77,84,14,48,41
Калужская область,Хвастовичская,175,4842,1021,23,467,306,2334,248,25,19,27,61,10,19,25
Калужская область,Юхновская,150,5438,1081,47,765,428,2094,491,34,28,38,82,11,48,46
Костромская область,Антроповская,16,2105,578,10,267,129,771,201,10,1,8,30,4,8,20
Костромская область,Буйская,66,3819,997,27,389,295,1369,429,21,13,28,52,7,14,32
Костромская область,Буйская городская,119,6905,2326,39,628,536,1810,1028,37,18,57,94,8,29,51
Костромская область,Волгореченская городская,108,5696,1951,47,491,531,1485,679,57,34,42,65,10,27,56
Костромская область,Вохомская,57,3619,1017,21,455,338,1199,325,15,4,35,39,7,8,15
Костромская область,Галичская,47,2745,714,11,256,134,1009,429,12,6,10,47,3,9,17
Костромская область,Галичская городская,112,4598,1343,30,411,319,1300,921,30,17,24,41,1,17,23
Костромская область,Кадыйская,67,2682,846,9,265,204,913,260,8,4,7,57,4,8,29
Костромская область,Кологривская,44,1852,700,6,193,108,602,115,9,6,7,33,2,8,10
Костромская область,Костромская,315,14375,4054,108,1672,1246,4441,1482,173,46,87,192,32,107,190
Костромская область,Костромская городская 1,604,34700,10025,356,2967,3237,10245,4235,461,177,309,363,92,290,407
Костромская область,Костромская городская 2,814,43061,12614,405,3592,3875,12774,5383,661,228,410,377,98,333,450
Костромская область,Красносельская,196,7231,1996,81,856,654,2060,903,56,36,51,80,11,42,71
Костромская область,Макарьевская,77,4417,1306,19,429,305,1562,386,28,12,22,72,4,24,33
Костромская область,Мантуровская городская,101,5486,1646,27,663,304,1821,712,28,9,31,58,4,16,27
Костромская область,Межевская,35,1458,340,2,114,84,711,132,8,4,5,8,2,2,5
Костромская область,Нейская,89,4250,1337,19,417,459,1307,364,15,7,28,58,7,14,40
Костромская область,Нерехтская,227,11671,3115,60,1190,974,4033,1283,86,42,62,209,19,56,81
Костромская область,Октябрьская,21,1540,358,8,219,140,524,160,7,7,13,21,6,3,8
Костромская область,Островская,49,3668,907,19,427,298,1259,406,27,15,39,67,2,14,23
Костромская область,Павинская,15,1314,381,2,217,83,397,154,5,1,5,26,1,3,7
Костромская область,Парфеньевская,38,1960,370,13,248,218,658,286,8,6,16,22,4,9,18
Костромская область,Поназыревская,60,2087,601,10,249,139,754,175,8,7,15,27,4,7,8
Костромская область,Пыщугская,39,1562,405,6,167,281,474,108,6,4,7,23,1,3,10
Костромская область,Солигаличская,66,3148,816,20,518,240,980,358,17,11,12,37,4,16,16
Костромская область,Судиславская,87,4174,1170,23,549,291,1469,346,29,10,29,42,7,12,34
Костромская область,Сусанинская,72,2523,578,15,311,172,830,436,15,2,17,30,1,10,22
Костромская область,Чухломская,71,3292,1119,12,355,254,1032,292,16,5,11,50,5,10,23
Костромская область,Шарьинская,101,3525,806,16,597,293,1213,317,10,12,25,48,6,18,28
Костромская область,Шарьинская городская,163,9839,3422,58,1071,1128,2472,905,55,44,74,126,9,55,89
Курская область,Cуджанская,316,10035,2315,37,1399,650,3957,903,49,32,70,196,11,41,45
Курская область,Беловская,205,7088,1432,24,801,278,3291,727,40,16,62,117,9,25,22
Курская область,Большесолдатская,111,5605,1041,21,593,190,2983,428,31,12,34,87,7,12,22
Курская область,Глушковская,147,11160,1821,21,749,269,7282,435,32,16,33,215,9,20,36
Курская область,Горшеченская,87,8854,1003,22,625,293,6152,399,29,10,22,111,7,15,33
Курская область,Дмитриевская,121,6580,1446,18,576,273,3503,307,21,11,28,135,5,28,32
Курская область,Железногорская,104,5180,999,20,542,239,2750,255,22,10,33,80,12,33,37
Курская область,Железногорская городская,722,27721,7333,198,3148,2459,9880,1995,124,75,234,553,58,189,208
Курская область,Золотухинская,224,8478,1385,41,926,406,4468,595,45,32,74,99,18,43,49
Курская область,Касторенская,196,6088,1278,23,813,297,2748,504,27,15,42,63,11,14,30
Курская область,Конышевская,118,4096,738,16,506,166,2182,258,24,7,18,48,12,10,13
Курская область,Кореневская,221,6588,1446,30,1072,282,2554,671,30,12,51,112,10,33,31
Курская область,"Курск, Железнодорожная",627,17139,4295,129,1912,1392,6251,1669,139,64,139,181,12,118,123
Курская область,"Курск, Сеймская",1006,34535,8095,274,3916,2463,12968,3775,275,109,241,477,41,265,250
Курская область,"Курск, Центральная №1",748,30554,6762,344,2911,2880,11225,3208,474,108,300,386,69,275,263
Курская область,"Курск, Центральная №2",857,32251,7562,329,3522,3271,11069,3433,287,141,285,362,62,310,249
Курская область,Курская - 110,233,10287,1870,66,1154,674,4763,923,59,33,76,122,12,51,59
Курская область,Курская -109,155,7114,1213,36,672,403,3694,606,43,19,50,80,11,33,31
Курская область,Курчатовская,160,6054,1256,26,651,338,2842,417,29,16,39,90,10,36,29
Курская область,Курчатовская городская,426,14352,3454,109,1439,1245,5431,1276,125,37,105,191,28,118,93
Курская область,Льговская,131,4988,1002,15,653,207,2361,379,18,11,27,80,9,25,21
Курская область,Льговская городская,208,6698,1760,36,736,411,2690,552,27,17,40,113,6,21,31
Курская область,Мантуровская,173,5290,1266,21,537,242,2551,318,22,17,22,107,9,9,26
Курская область,Медвенская,129,8430,1294,39,869,306,4703,648,36,27,66,109,12,24,45
Курская область,Обоянская,193,10824,1760,28,1262,440,5775,895,43,17,63,159,7,32,34
Курская область,Октябрьская,212,7554,1444,38,827,412,3749,566,30,15,59,105,10,32,30
Курская область,Поныровская,127,4947,811,27,513,217,2825,252,25,6,37,54,11,25,20
Курская область,Пристенская,198,6739,1233,22,927,270,3308,511,22,18,49,111,6,31,25
Курская область,Рыльская,339,9774,2417,41,1212,471,4122,657,61,29,103,189,12,48,49
Курская область,Советская,113,7027,1272,24,826,410,3318,707,21,19,53,116,7,20,27
Курская область,Солнцевская,167,6127,920,12,806,357,3321,321,13,18,24,120,7,33,29
Курская область,Тимская,91,4430,989,15,571,208,1891,388,21,15,44,91,7,13,14
Курская область,Фатежская,147,7862,1299,40,1024,340,4123,461,26,23,42,113,9,32,31
Курская область,Хомутовская,96,3755,816,11,557,130,1727,239,22,8,24,68,4,16,15
Курская область,Черемисиновская,96,4050,753,12,545,159,1866,429,26,12,35,53,5,33,16
Курская область,Щигровская,104,4825,908,18,628,194,2386,355,19,10,23,76,7,13,10
Курская область,Щигровская городская,157,4555,1189,20,471,319,1763,402,24,11,25,85,7,17,25
Липецкая область,Воловская,153,5546,1824,23,376,133,2376,262,21,19,36,192,5,21,41
Липецкая область,Грязинская,255,42140,5346,163,2476,1346,29254,1372,164,75,119,550,71,83,225
Липецкая область,Данковская,375,18772,2807,152,1438,719,11152,848,97,66,150,375,39,94,144
Липецкая область,Добринская,329,20630,2925,56,1112,464,13965,738,43,34,100,401,18,52,170
Липецкая область,Добровская,373,13893,2230,45,784,420,9095,511,46,29,58,262,9,24,63
Липецкая область,Долгоруковская,129,8855,1199,44,658,236,5627,367,51,32,63,187,10,24,75
Липецкая область,Елецкая,195,17509,1819,89,852,353,12898,433,77,44,77,333,43,51,88
Липецкая область,Елецкая городская,1172,37803,9700,426,3499,2199,13738,3152,238,141,324,1032,49,366,417
Липецкая область,Задонская,401,15442,3343,78,1254,621,7784,950,71,42,99,408,35,66,175
Липецкая область,Измалковская,42,10112,549,13,179,72,8988,132,12,4,9,56,3,10,12
Липецкая область,Краснинская,148,7810,1339,45,449,129,5190,195,20,15,35,148,10,17,28
Липецкая область,Лебедянская,544,16841,4719,161,1716,858,6365,1243,93,49,119,464,20,109,156
Липецкая область,Лев-Толстовская,236,8396,1339,48,778,278,4840,443,32,29,68,179,8,24,54
Липецкая область,"Липецк, Левобережная",399,12545,3638,142,1497,866,3839,1026,90,45,100,343,15,99,121
Липецкая область,"Липецк, Октябрьская №1",977,33395,10164,468,3266,2621,9795,3122,292,156,268,742,32,278,457
Липецкая область,"Липецк, Октябрьская №2",618,24918,7544,390,2344,2385,6967,2437,204,109,240,559,18,230,390
Липецкая область,"Липецк, Правобережная",714,23491,7246,334,2156,1907,6842,2296,248,79,202,655,29,212,305
Липецкая область,"Липецк, Советская",1510,49103,14743,761,4870,4055,14510,4610,514,182,428,1154,50,446,692
Липецкая область,Липецкая 114 ок,288,11071,2866,89,1138,602,4504,792,77,33,89,298,24,80,125
Липецкая область,Липецкая 115 ок,297,15952,2651,129,1238,751,8913,957,79,54,82,328,27,80,141
Липецкая область,Становлянская,200,8739,2395,34,613,235,4374,422,34,21,44,212,8,23,66
Липецкая область,Тербунская,189,10244,2458,44,1196,396,4755,453,27,18,55,219,7,36,73
Липецкая область,Усманская,285,24129,4239,148,1604,714,15034,875,83,50,122,385,31,80,151
Липецкая область,Хлевенская,102,11136,1806,29,547,212,7627,339,25,12,25,241,10,18,67
Липецкая область,Чаплыгинская,308,17340,2608,80,910,469,11700,562,49,31,79,319,15,56,71
Московская область,Балашихинская городская,5129,190926,34748,2192,12485,8985,101181,13296,2921,1249,2332,2459,507,1919,1843
Московская область,Богородская городская,2955,68476,17440,1078,6252,3940,27753,4119,930,358,632,1465,98,586,701
Московская область,Бронницкая городская,311,7737,2162,81,519,362,3063,908,76,38,61,114,10,37,69
Московская область,Власихинская городская,181,10487,1820,131,613,553,5833,580,140,53,79,146,14,110,109
Московская область,Волоколамская городская,732,18994,4466,244,1929,964,8228,1148,242,118,181,466,46,196,188
Московская область,Воскресенская городская,1659,53431,13044,638,4655,3073,22110,4245,552,240,459,1210,92,470,538
Московская область,Восходненская поселковая,24,712,128,10,63,33,338,55,14,0,6,11,0,6,10
Московская область,Дзержинская городская,300,13470,2980,107,723,945,6727,900,184,80,61,135,6,60,233
Московская область,Дмитровcкая городская,1149,72609,10969,492,7238,1727,40459,7339,643,313,579,616,162,366,492
Московская область,Долгопрудненская городская,792,29032,6715,475,2067,1845,10714,3423,848,251,442,404,64,320,366
Московская область,Домодедовская городская,1518,59018,12496,700,3829,2793,30799,2936,868,356,615,834,86,490,582
Московская область,Дубненская городская,732,22816,6476,400,1843,1827,6459,2725,619,184,264,427,30,282,341
Московская область,Егорьевская городская,1263,38251,7971,405,3208,1919,18266,2419,411,175,372,752,69,303,381
Московская область,Жуковская городская,610,41022,6933,347,1991,1389,21499,5534,661,142,327,717,33,336,350
Московская область,Зарайская городская,669,16115,3709,133,1291,746,7867,925,115,41,126,300,15,92,128
Московская область,Звездный городок городская,72,2489,691,42,167,177,930,185,44,6,27,58,3,29,20
Московская область,Истринская городская,472,68402,7546,364,5301,1471,48332,2219,614,232,380,476,99,283,392
Московская область,Каширская городская,942,24413,5507,209,1802,987,12745,1117,306,84,206,439,27,150,182
Московская область,Клинская городская,1294,45490,8186,592,4382,2360,22606,3321,611,223,378,687,68,331,348
Московская область,Коломенская городская,2037,71264,12874,736,4513,3687,37960,5654,635,336,428,973,92,543,591
Московская область,Коломенская городская № 2,546,9893,2767,88,911,632,3863,620,100,76,77,242,17,68,66
Московская область,Королевская городская,2045,61396,15791,947,4333,4198,21515,6410,2128,502,854,1013,158,730,978
Московская область,Котельниковская городская,640,16470,1729,83,1689,504,11029,773,148,46,80,64,34,66,96
Московская область,Красногорская городская,2496,88265,16718,1454,4685,4916,43124,7688,2174,570,1130,1159,221,999,1048
Московская область,Краснознаменская городская,487,17773,3664,284,1299,1181,7649,1592,396,107,188,247,33,209,243
Московская область,Ленинская городская,1649,39143,13732,666,2847,3142,11686,2358,910,313,687,606,59,526,515
Московская область,Лобненская городская,955,22166,5546,370,2009,1510,6571,2735,708,155,354,486,111,315,333
Московская область,Лосино-Петровская городская,632,14324,3631,166,1171,734,6174,841,189,94,152,323,31,166,143
Московская область,Лотошинская городская,161,7934,1081,45,468,201,5210,463,49,17,48,115,6,31,48
Московская область,Луховицкая городская,1133,23153,6425,277,2519,1540,7614,1921,269,98,219,516,50,213,195
Московская область,Лыткаринская городская,331,23696,3271,244,1223,661,15395,1012,297,131,177,325,57,200,219
Московская область,Люберецкая городская,2004,108719,22133,1207,11997,5223,52159,6141,1787,715,1249,1360,368,956,1093
Московская область,Можайская городская,1125,24450,5337,198,2275,1252,11992,1395,210,84,203,397,28,174,270
Московская область,Молодежная поселковая,170,1203,213,16,110,44,650,67,11,8,3,15,2,10,10
Московская область,Мытищинская городская,2549,68577,17035,1246,5813,4762,22179,7907,1882,860,1158,1081,110,1022,983
Московская область,Наро-Фоминская городская,2531,57984,11245,734,5199,2993,28594,3205,1333,299,514,912,89,521,554
Московская область,Одинцовская городская,1908,63362,14535,971,4680,3984,27231,4688,1156,424,741,1355,119,651,736
Московская область,Одинцовская городская № 2,2456,53997,14445,950,3869,4336,18832,4584,1687,470,790,947,104,654,689
Московская область,Орехово-Зуевская городская,1783,48998,9531,524,3807,2505,25746,2958,514,166,380,621,56,317,390
Московская область,Орехово-Зуевская городская № 2,1173,33445,7226,465,2704,1078,17675,1596,306,154,270,382,47,228,273
Московская область,Павлово-Посадская городская,951,38546,6687,281,2357,971,24238,1594,334,106,222,436,62,259,225
Московская область,Подольская городская,3527,95535,25251,1477,7698,5961,37248,6973,1928,499,1107,1475,187,1021,1199
Московская область,Протвинская городская,585,10853,3167,155,830,966,3225,1071,225,85,155,214,20,123,134
Московская область,Пушкинская городская,1639,62241,14226,960,4939,4161,25226,5480,1248,409,728,1287,140,634,781
Московская область,Пушкинская городская (округ 127),494,20978,4883,272,1678,1038,9728,1379,288,111,181,326,130,159,210
Московская область,Пущинская городская,260,6370,1802,108,458,431,2002,670,170,72,65,167,3,72,86
Московская область,Раменская городская,1314,40082,9916,661,3218,2866,14319,4188,770,250,409,795,85,591,555
Московская область,Раменская городская № 2,1209,50467,12242,568,4250,2292,21977,3783,776,272,546,1011,94,454,538
Московская область,Реутовская городская,504,40814,7591,391,3234,1414,22061,3193,621,272,377,284,79,283,281
Московская область,Рузская городская,878,19170,5809,305,2198,1167,5837,1741,257,103,220,428,32,196,191
Московская область,Сергиево-Посадская городская,2130,98439,13936,838,6054,4045,57134,8381,1448,416,739,1057,199,590,1296
Московская область,Серебряно-Прудская городская,238,10502,2237,44,445,213,6891,224,44,27,45,101,12,28,39
Московская область,Серпуховская городская,2105,56529,14541,749,4085,4077,23603,3855,634,289,528,1410,62,404,587
Московская область,Солнечногорская городская,1828,45155,10998,738,4183,3287,16300,4107,762,237,644,1029,52,511,495
Московская область,Солнечногорская городская (118 округ),53,2839,431,26,148,114,1662,172,41,9,27,40,5,16,18
Московская область,Ступинская городская,1103,42398,9811,472,3137,1926,19977,2602,467,603,400,810,82,375,374
Московская область,Талдомская городская,614,17659,4206,201,1554,777,7837,1397,172,75,163,277,55,101,147
Московская область,Фрязинская городская,791,18993,4952,284,1458,1664,7094,1303,437,89,218,479,18,189,200
Московская область,Химкинская городская,3046,65669,14414,1026,3988,4249,26782,6296,2500,563,994,984,237,882,789
Московская область,Черноголовская городская,229,6526,2131,113,377,429,1961,607,219,55,99,132,12,60,86
Московская область,Чеховская городская,1294,52502,10230,646,4267,2887,26158,2835,1037,259,456,829,82,426,724
Московская область,Шатурская городская,830,32848,6018,254,2287,2274,17982,1904,275,116,207,342,53,119,237
Московская область,Шаховская городская,174,10615,1451,56,549,320,7264,397,49,29,63,133,7,42,82
Московская область,Щелковская городская,2274,73485,15008,896,5124,3651,37663,4468,1093,377,639,1162,135,580,673
Московская область,Электрогорская городская,139,12894,1912,88,574,296,9030,264,73,27,85,96,27,83,82
Московская область,Электростальская городская,1902,54188,11620,965,4312,2884,25391,3497,962,309,535,580,125,604,534
Московская область,Электростальская городская (округ 127),83,2564,546,48,216,146,1073,247,30,14,16,67,2,18,30
Орловская область,Болховская,292,8685,1807,83,706,335,4703,374,39,21,64,144,11,33,34
Орловская область,Верховская,216,6832,1572,38,745,319,3008,421,47,30,53,193,11,39,43
Орловская область,Глазуновская,163,4897,987,28,530,237,2049,609,26,20,49,83,14,18,28
Орловская область,Дмитровская,191,5306,1146,38,670,227,2431,328,26,15,35,113,7,32,24
Орловская область,Должанская,107,4861,981,28,508,212,2284,409,37,13,30,109,6,15,21
Орловская область,Залегощенская,289,6423,1387,27,655,293,3076,418,22,17,49,123,12,20,35
Орловская область,Знаменская,53,2988,684,13,212,79,1649,123,9,7,19,18,2,13,10
Орловская область,Колпнянская,368,8531,1759,30,501,158,5273,344,20,16,26,90,9,15,12
Орловская область,Корсаковская,39,2144,513,8,134,93,1086,99,5,6,6,26,1,2,6
Орловская область,Краснозоренская,59,3341,585,3,358,139,1870,222,13,3,3,46,2,7,7
Орловская область,Кромская,230,8886,1774,66,962,420,4344,548,28,22,38,184,7,54,46
Орловская область,Ливенская,325,13757,3113,104,1493,534,6578,884,49,41,64,298,24,55,56
Орловская область,Ливенская городская,859,16980,4981,172,1539,1021,5750,1831,117,54,128,469,20,124,96
Орловская область,Малоархангельская,139,5320,1001,36,635,268,2375,523,24,15,40,96,8,28,36
Орловская область,Мценская,237,11784,2097,56,978,401,6805,592,45,29,52,136,16,40,55
Орловская область,Мценская городская,728,13560,3575,120,1309,995,4014,2128,78,47,101,360,23,102,94
Орловская область,Новодеревеньковская,154,5359,1019,29,542,290,2686,330,17,17,55,76,8,27,32
Орловская область,Новосильская,22,3966,938,31,349,159,1874,251,19,18,30,57,5,14,22
Орловская область,"Орел, Железнодорожная",777,19020,4602,338,1525,1659,6145,2397,245,90,173,407,34,203,156
Орловская область,"Орел, Заводская",1985,32476,8025,560,2471,2987,8878,5771,416,143,347,593,60,347,287
Орловская область,"Орел, Северная",891,19462,4790,269,1609,1666,5616,3136,198,81,159,658,40,186,148
Орловская область,"Орел, Советская",987,27594,6251,546,2057,2508,8619,4296,484,128,268,419,52,308,247
Орловская область,Орловская,1568,24584,5431,292,2601,1838,9024,2612,230,94,242,566,49,223,199
Орловская область,Покровская,192,6140,1506,48,626,233,2755,426,35,20,40,148,8,23,38
Орловская область,Свердловская,211,7026,1673,34,776,296,3383,319,25,18,24,138,9,29,33
Орловская область,Сосковская,29,3468,582,14,217,58,2283,146,8,6,9,60,2,5,13
Орловская область,Троснянская,106,4000,759,34,349,142,2013,380,22,14,15,75,19,19,15
Орловская область,Урицкая,265,8138,1689,79,1016,404,3861,472,45,41,53,106,14,63,41
Орловская область,Хотынецкая,111,4241,789,20,359,166,2105,399,20,13,51,69,7,14,10
Орловская область,Шаблыкинская,50,3446,637,9,389,119,1833,197,11,2,16,64,2,8,10
Рязанская область,Cacовская,86,8259,1425,38,501,306,5105,449,22,14,42,101,3,22,35
Рязанская область,Cараевская,60,9281,1182,34,689,236,6458,295,28,5,35,103,7,14,27
Рязанская область,Kлепиковская,141,9793,2190,46,842,483,4862,630,64,20,75,163,14,34,60
Рязанская область,Mихайловская,310,19526,1361,31,701,367,16271,360,37,10,47,90,9,29,27
Рязанская область,Александро-Невская,220,5642,657,22,514,253,3668,208,19,4,17,129,7,17,13
Рязанская область,Ермишинская,87,3913,814,19,411,162,1840,315,16,14,37,77,2,8,24
Рязанская область,Захаровская,55,4685,775,26,528,191,2613,267,17,12,27,50,3,19,26
Рязанская область,Кадомская,88,3547,676,20,305,131,2007,189,22,8,18,52,2,11,17
Рязанская область,Касимовская,186,11337,2749,45,1240,1000,4521,952,57,25,80,229,14,44,59
Рязанская область,Касимовская городская,204,11447,3357,63,1014,1609,3497,1108,71,36,71,215,14,50,57
Рязанская область,Кораблинская,120,8584,1449,38,725,635,4828,476,32,13,39,99,6,24,33
Рязанская область,Милославская,80,5661,1028,24,554,243,3316,194,24,13,32,58,5,14,25
Рязанская область,Пителинская,42,2766,495,3,258,138,1527,169,10,5,14,55,5,4,6
Рязанская область,Пронская,209,11984,2608,78,1091,998,5546,808,55,27,95,150,9,59,82
Рязанская область,Путятинская,60,3252,453,15,307,158,1906,164,22,8,21,38,5,17,27
Рязанская область,Рыбновская,296,14391,2918,97,1755,883,6271,1427,98,36,89,180,19,80,98
Рязанская область,Ряжская,160,11270,1602,58,1141,489,6895,520,35,18,46,101,11,37,55
Рязанская область,Рязанская - 156,279,13737,3130,111,1416,967,5331,1558,158,51,126,211,18,93,81
Рязанская область,Рязанская - 157,165,8185,1715,62,1190,471,3351,745,50,16,42,133,8,53,43
Рязанская область,"Рязань, Железнодорожная",619,38164,9384,491,4640,2626,13706,4233,486,100,314,370,41,384,295
Рязанская область,"Рязань, Московская",777,49114,13447,514,5125,3685,15448,6544,769,140,427,735,50,378,396
Рязанская область,"Рязань, Октябрьская",636,43333,10370,552,4571,2931,16435,5189,558,140,274,453,31,348,263
Рязанская область,"Рязань, Советская",503,28097,6910,318,2458,1944,10879,3062,540,108,226,345,33,259,214
Рязанская область,Сапожковская,105,4341,904,8,333,146,2480,237,17,6,11,57,6,18,15
Рязанская область,Сасовская городская,166,12426,1529,38,498,399,9019,556,36,7,27,129,1,26,26
Рязанская область,Скопинская,179,14938,1733,55,1156,1002,9666,634,38,20,69,137,9,26,53
Рязанская область,Скопинская городская,211,10195,2158,73,969,743,4364,1056,65,46,82,136,16,68,70
Рязанская область,Спасская,173,10823,2189,44,1060,678,4927,1053,68,23,61,174,9,54,63
Рязанская область,Старожиловская,102,6441,1109,21,679,316,3560,335,32,15,39,63,6,23,24
Рязанская область,Ухоловская,84,5005,792,22,371,147,3177,216,15,8,18,52,7,28,25
Рязанская область,Чучковская,64,3303,812,24,358,141,1571,184,19,6,20,54,2,9,13
Рязанская область,Шацкая,83,11459,1453,33,899,315,7755,509,44,19,46,91,5,13,29
Рязанская область,Шиловская,207,17029,2338,58,824,437,12078,589,58,23,51,157,9,37,51
Смоленская область,Велижская,98,4008,712,20,496,169,1983,355,17,14,30,67,8,13,22
Смоленская область,Вяземская,539,23055,5348,151,2153,1576,9867,1666,168,87,215,486,24,142,201
Смоленская область,Гагаринская,364,11963,2618,90,1233,636,4302,2032,79,43,97,221,13,96,109
Смоленская область,Глинковская,22,1453,241,2,289,45,665,97,3,8,9,28,3,9,10
Смоленская область,Демидовская,183,4582,1081,28,567,204,1992,322,28,20,35,87,10,23,28
Смоленская область,Десногорская,257,10592,2273,86,1455,798,3594,1137,193,88,105,189,15,76,111
Смоленская область,Дорогобужская,229,8612,2196,56,1221,496,3162,725,50,18,77,170,15,47,72
Смоленская область,Духовщинская,102,4632,990,28,666,185,1986,388,24,11,48,83,5,28,34
Смоленская область,Ельнинская,69,4593,1210,22,735,212,1818,233,32,16,40,88,5,21,31
Смоленская область,Ершичская,87,2592,596,10,418,95,1020,253,9,10,20,45,8,7,10
Смоленская область,Кардымовская,97,3225,831,13,479,142,1269,213,23,6,26,55,2,19,26
Смоленская область,Краснинская,99,4282,927,15,682,161,1979,251,14,11,22,62,10,16,20
Смоленская область,Монастырщинская,126,3854,902,13,509,111,1612,283,13,13,37,80,9,12,158
Смоленская область,Новодугинская,102,3655,852,24,465,170,1565,226,14,7,33,89,3,23,32
Смоленская область,Починковская,314,9743,2501,44,1802,485,3551,555,45,24,80,186,11,64,57
Смоленская область,Рославльская,680,19176,4603,120,3078,924,7444,1336,102,76,158,376,27,108,137
Смоленская область,Руднянская,225,9731,1900,45,943,335,5350,501,49,24,59,124,10,43,78
Смоленская область,Сафоновская,502,17675,4008,140,2094,1084,7278,1478,109,43,142,427,28,103,145
Смоленская область,"Смоленск, Заднепровская",702,26545,7207,250,2429,1931,9884,2076,269,96,302,548,34,239,298
Смоленская область,"Смоленск, Ленинская",866,33436,8900,427,3300,2889,11052,2920,558,261,384,554,67,406,483
Смоленская область,"Смоленск, Промышленная",941,36211,9880,454,3961,3127,11342,3193,528,278,415,647,59,387,469
Смоленская область,Смоленская 175,253,9612,2253,77,1015,659,4134,630,72,24,91,189,15,55,102
Смоленская область,Смоленская 176,174,7289,1797,62,1017,528,2726,491,61,36,72,114,7,61,83
Смоленская область,Сычевская,106,5433,999,19,421,183,3159,251,37,21,32,85,3,23,35
Смоленская область,Темкинская,43,2187,389,8,216,101,1112,153,13,5,22,36,3,16,22
Смоленская область,Угранская,62,2525,607,15,269,140,1125,153,12,7,19,51,2,9,14
Смоленская область,Хиславичская,55,3303,662,23,597,132,1379,201,20,12,23,59,8,10,28
Смоленская область,Холм-Жирковская,93,5148,878,37,511,166,2923,262,18,15,30,80,3,25,25
Смоленская область,Шумячская,81,3813,854,6,657,118,1708,194,9,8,55,61,3,4,20
Смоленская область,Ярцевская,383,14943,4109,115,1290,960,5903,1171,116,51,102,347,7,80,155
Тамбовская область,Бондарская,57,6064,952,10,236,61,4321,235,8,7,8,32,1,9,122
Тамбовская область,Гавриловская,20,5379,457,3,173,36,3843,108,5,4,9,24,1,3,658
Тамбовская область,Жердевская,147,14485,1933,49,835,435,9556,724,51,50,81,148,36,54,322
Тамбовская область,Знаменская,130,8781,1562,27,542,182,5500,361,46,22,45,61,9,23,283
Тамбовская область,Инжавинская,244,9874,2232,45,718,298,5351,552,18,26,74,121,11,56,179
Тамбовская область,Кирсановская,127,8568,1706,43,491,216,5213,401,15,17,49,97,5,17,124
Тамбовская область,Кирсановская городская,174,6929,1417,28,413,212,4076,361,46,15,18,72,2,30,91
Тамбовская область,Котовская городская,55,13691,1238,38,555,76,10430,494,46,188,32,26,8,24,458
Тамбовская область,Мичуринская,118,17291,2318,39,773,325,12154,572,32,24,32,95,10,41,758
Тамбовская область,Мичуринская городская,483,43590,4923,176,2053,900,29176,1789,224,105,197,323,85,166,2946
Тамбовская область,Мордовская,117,8044,1423,29,525,178,3900,442,26,16,32,63,10,23,1200
Тамбовская область,Моршанская,84,17297,2205,47,820,389,12354,665,35,28,69,120,15,35,267
Тамбовская область,Моршанская городская,326,18126,3166,68,1083,721,9763,884,54,44,77,157,19,62,1689
Тамбовская область,Мучкапская,150,6331,1142,23,441,226,3574,544,32,10,29,68,5,16,108
Тамбовская область,Никифоровская,134,8827,1701,16,424,411,5390,341,19,10,25,68,4,12,273
Тамбовская область,Первомайская,139,14476,1626,35,523,258,10135,454,32,17,38,73,13,28,1106
Тамбовская область,Петровская,49,9647,1332,9,305,98,7315,279,13,8,18,43,5,15,156
Тамбовская область,Пичаевская,145,5331,1368,25,408,213,2557,362,23,16,45,70,9,28,104
Тамбовская область,Рассказовская,60,10275,1171,13,523,89,6886,332,15,6,27,108,9,16,1011
Тамбовская область,Рассказовская городская,182,20827,2338,46,731,162,14564,1101,62,53,46,73,32,40,1474
Тамбовская область,Ржаксинская,137,8787,1302,20,420,155,6043,457,14,8,34,53,2,12,162
Тамбовская область,Сампурская,162,7022,1076,18,436,174,4472,318,17,11,31,63,8,15,248
Тамбовская область,Сосновская,126,16703,2062,30,826,153,11544,572,40,8,46,69,16,17,1198
Тамбовская область,Староюрьевская,30,7145,863,20,409,63,4600,309,18,12,23,18,7,15,747
Тамбовская область,"Тамбов, Ленинская",460,14494,2988,145,592,672,4837,1039,252,52,152,115,20,117,3196
Тамбовская область,"Тамбов, Октябрьская",1633,62998,12069,483,2800,2491,24937,3862,562,249,446,548,61,415,12859
Тамбовская область,"Тамбов, Советская",833,31177,6620,215,1809,1241,9703,1922,356,69,209,317,30,231,7844
Тамбовская область,Тамбовская_177,441,28609,3407,107,1186,571,15426,1338,160,67,205,193,35,107,5468
Тамбовская область,Тамбовская_178,202,10645,1711,58,650,320,5040,606,56,38,64,106,12,47,1774
Тамбовская область,Токаревская,38,7704,1098,5,554,52,3871,377,15,3,10,28,6,9,1606
Тамбовская область,Уваровская,46,5955,625,17,251,81,4516,205,13,8,12,26,2,4,127
Тамбовская область,Уваровская городская,191,12532,1448,35,749,233,8411,580,31,12,40,97,5,36,737
Тамбовская область,Уметская,43,5553,422,3,157,62,4160,91,7,5,18,19,0,7,550
Тверская область,Андреапольская,78,6260,636,20,442,340,4128,354,35,10,19,72,5,15,60
Тверская область,Бежецкая,309,10478,2862,66,1065,717,3460,1128,80,122,104,234,7,71,198
Тверская область,Бельская,49,1910,617,7,149,93,682,186,8,5,22,61,4,4,17
Тверская область,Бологовская,371,11469,2808,91,1349,753,4151,1046,108,27,66,236,18,53,168
Тверская область,Весьегонская,86,3495,694,17,486,228,1303,414,20,11,36,75,6,10,65
Тверская область,Вышневолоцкая,706,22661,5435,156,2673,1411,8624,2006,164,49,241,488,21,144,349
Тверская область,Жарковская,46,1968,384,8,281,93,826,209,15,13,13,48,5,9,17
Тверская область,Западнодвинская,121,6301,1473,39,474,200,3228,405,31,23,45,139,5,31,46
Тверская область,Зубцовская,207,5854,1695,39,734,251,1947,475,51,17,39,169,13,31,89
Тверская область,Калининская-179,293,10849,2463,84,1220,750,3663,1121,112,38,96,233,11,88,576
Тверская область,Калининская-180,168,7340,1910,65,776,496,2270,747,98,29,73,160,10,51,325
Тверская область,Калязинская,299,6451,1479,46,775,399,2275,767,66,30,64,158,7,40,82
Тверская область,Кашинская,292,8399,1862,50,833,456,3274,1071,65,22,58,193,10,50,145
Тверская область,Кесовогорская,95,2548,531,21,340,183,828,372,16,12,20,68,7,17,26
Тверская область,Кимрская,104,4766,869,36,456,312,2152,445,38,16,35,79,12,35,73
Тверская область,Кимрская городская,430,13427,3406,112,1311,1101,4177,1778,158,47,174,228,6,106,265
Тверская область,Конаковская,837,23597,5814,189,2794,1512,7751,2670,226,85,197,508,20,157,687
Тверская область,Краснохолмская,62,3263,643,21,418,241,1304,296,16,17,27,84,4,13,32
Тверская область,Кувшиновская,179,5617,1202,36,623,339,2318,538,26,15,33,108,9,22,90
Тверская область,Лесная,53,1930,333,12,332,133,745,176,13,8,18,38,2,10,19
Тверская область,Лихославльская,278,10396,1865,59,1005,673,4676,976,86,20,73,233,23,64,262
Тверская область,Максатихинская,70,4996,1125,33,607,359,1883,520,28,21,41,99,5,16,97
Тверская область,Молоковская,33,1691,332,8,242,121,647,172,6,8,9,44,3,5,21
Тверская область,Нелидовская,223,8774,2985,71,893,587,2498,822,73,25,71,170,10,69,142
Тверская область,Озерная поселковая,166,4433,750,23,432,212,2277,320,47,15,20,71,2,42,40
Тверская область,Оленинская,75,5965,709,17,265,123,4315,242,15,11,21,48,5,12,35
Тверская область,Осташковская,206,6988,1751,35,699,597,2466,590,72,19,68,124,3,54,152
Тверская область,Пеновская,91,2872,467,20,288,159,1445,231,24,7,19,49,5,17,28
Тверская область,Рамешковская,82,5873,736,21,497,329,3420,372,33,32,51,79,9,23,99
Тверская область,Ржевская,148,5186,1148,33,753,262,2008,450,39,17,40,118,7,35,43
Тверская область,Ржевская городская,506,17111,4892,150,1515,1216,5493,1780,176,50,171,305,24,143,299
Тверская область,Сандовская,46,2790,431,6,372,118,1505,169,7,5,8,56,0,8,24
Тверская область,Селижаровская,105,4462,1071,39,516,269,1637,422,30,17,49,107,4,35,79
Тверская область,Солнечная поселковая,12,809,211,5,60,67,284,105,12,4,7,7,0,6,13
Тверская область,Сонковская,82,3289,544,26,315,165,1524,419,16,12,16,68,0,18,39
Тверская область,Спировская,92,3564,677,20,614,214,1360,284,32,12,35,88,6,20,64
Тверская область,Старицкая,161,10472,1563,56,923,406,5726,790,60,41,66,175,29,55,209
Тверская область,"Тверь, Заволжская",965,45140,12009,513,3931,3530,13364,4951,961,211,505,725,52,443,2085
Тверская область,"Тверь, Московская",854,36671,9078,409,3416,2878,10696,4253,663,157,407,602,34,361,2467
Тверская область,"Тверь, Пролетарская",749,27284,7097,296,2444,2177,8215,3003,545,100,303,480,28,261,1371
Тверская область,"Тверь, Центральная",328,16342,4096,203,1379,1392,4829,1920,434,99,204,241,18,196,769
Тверская область,Торжокская,136,6953,1402,46,734,402,2961,716,93,25,60,134,11,42,92
Тверская область,Торжокская городская,333,12622,3350,122,1126,1087,3755,1671,186,52,129,265,19,97,261
Тверская область,Торопецкая,130,6783,1501,39,856,334,2882,591,39,29,44,144,10,43,58
Тверская область,Удомельская,441,13660,3459,97,1408,1124,4803,1404,124,46,87,271,22,102,223
Тверская область,Фировская,89,3055,555,22,457,147,1246,274,27,13,26,76,8,21,33
Тульская область,Алексинская,431,26097,3888,130,1070,887,16100,1899,151,49,129,1045,16,100,142
Тульская область,Арсеньевская,96,5416,1009,32,571,313,2694,328,25,12,22,76,5,27,38
Тульская область,Белевская,186,9768,1373,63,601,614,6088,409,60,18,80,95,11,41,54
Тульская область,Богородицкая,341,25857,3165,156,1204,886,17968,928,131,51,133,312,30,113,169
Тульская область,Веневская,277,11414,2535,84,977,560,5552,719,81,31,82,173,11,74,99
Тульская область,Воловская,146,6674,726,26,384,373,4520,293,31,9,26,61,10,31,14
Тульская область,Донская,392,22902,3790,166,1631,1160,12807,1759,222,77,117,253,63,127,378
Тульская область,Дубенская,106,6713,663,10,406,344,4684,453,14,6,9,30,1,10,25
Тульская область,Ефремовская,444,22643,4426,174,1921,965,11962,1269,257,49,198,302,24,128,155
Тульская область,Заокская,241,8716,1665,71,735,431,4528,438,89,50,85,106,32,73,82
Тульская область,Каменская,50,4643,459,26,317,248,3075,189,35,18,31,51,12,12,24
Тульская область,Кимовская,443,18614,3018,79,1015,636,11954,762,84,24,81,192,13,93,111
Тульская область,Киреевская,662,33261,5742,255,2296,1666,18906,1775,257,67,173,427,39,226,261
Тульская область,Куркинская,82,6084,494,40,344,154,4466,161,40,24,53,60,9,19,30
Тульская область,Ленинская - 183,170,12908,2011,105,984,664,6709,1441,165,47,94,136,20,84,91
Тульская область,Ленинская - 184,292,17108,2843,162,1218,1118,9034,1335,158,42,114,221,23,121,129
Тульская область,Новомосковская,1035,59852,9916,407,3088,1957,37393,3433,516,160,347,406,56,319,594
Тульская область,Одоевская,141,5711,1149,27,499,277,2949,287,36,11,41,87,8,33,49
Тульская область,Плавская,32,13912,1406,41,677,657,9840,777,38,27,36,52,24,36,62
Тульская область,Суворовская,164,15883,2399,91,926,461,10378,680,75,31,107,201,15,46,93
Тульская область,Тепло-Огаревская,100,6267,1154,35,511,498,3270,282,39,10,42,91,5,27,50
Тульская область,"Тула, Зареченская",752,30561,5971,411,2278,2383,11797,4545,513,119,237,325,33,353,346
Тульская область,"Тула, Привокзальная",598,26756,5618,364,2183,2293,10537,2799,472,104,253,357,27,316,327
Тульская область,"Тула, Пролетарская",1227,49477,10447,691,3989,3978,19471,5499,782,348,397,626,52,589,565
Тульская область,"Тула, Советская",526,23358,4928,372,1596,1978,8983,2495,692,125,237,215,53,349,343
Тульская область,"Тула, Центральная",774,33084,6213,427,2227,2359,14533,4076,563,137,260,331,45,414,325
Тульская область,Узловская,556,33420,5478,242,2082,1953,18295,3068,267,116,190,351,47,199,376
Тульская область,Чернская,122,8811,1516,65,822,411,4732,424,60,19,52,139,9,61,73
Тульская область,Щекинская,686,41431,6868,331,2908,2506,22965,2500,397,114,296,508,46,321,301
Тульская область,Ясногорская,231,14037,2378,84,1059,608,7767,853,132,21,108,152,20,108,89
Ярославская область,Большесельская,92,3141,553,21,612,160,1081,507,13,12,25,31,5,13,16
Ярославская область,Борисоглебская,155,5113,868,41,584,228,1734,1312,40,14,42,57,3,23,38
Ярославская область,Брейтовская,55,2446,399,20,422,108,787,563,13,3,11,27,1,8,18
Ярославская область,Гаврилов-Ямская,150,7308,1778,55,736,410,2603,1147,56,24,64,90,6,27,44
Ярославская область,Даниловская,132,7936,2104,49,954,569,2530,1194,33,21,67,105,6,35,51
Ярославская область,Любимская,102,4227,1036,28,634,307,1366,556,18,9,27,69,5,19,18
Ярославская область,Мышкинская,70,3928,773,22,686,210,1277,682,29,9,41,42,9,23,20
Ярославская область,Некоузская,169,5754,1177,55,926,274,1814,1080,60,21,35,81,8,32,25
Ярославская область,Некрасовская,193,7505,1674,57,806,456,2742,1191,52,24,70,84,9,28,43
Ярославская область,Первомайская,80,3876,858,24,463,194,1348,727,16,13,40,54,2,15,9
Ярославская область,Переславль-Залесская городская,266,11506,2295,137,1157,930,2833,3078,187,46,130,127,13,98,103
Ярославская область,Переславская,148,6533,1395,42,820,289,2141,1394,43,12,62,75,6,30,64
Ярославская область,Пошехонская,113,5291,1152,26,627,258,1910,1046,31,14,28,57,3,17,28
Ярославская область,Ростовская,402,17723,4386,132,1725,1018,5359,3696,147,49,129,287,7,87,129
Ярославская область,"Рыбинск, Волжская",535,28849,8426,291,2501,2416,6978,5757,344,103,259,414,23,215,258
Ярославская область,"Рыбинск, Пролетарская",460,28109,8121,292,2536,2443,7082,5284,363,99,245,418,24,186,253
Ярославская область,Рыбинская - 194,72,3279,871,19,353,213,1064,522,28,4,24,42,4,13,23
Ярославская область,Рыбинская - 195,108,5061,1322,54,530,359,1333,1078,38,23,35,68,6,26,40
Ярославская область,Тутаевская,223,13351,3551,104,1176,959,3774,2801,122,29,106,151,9,57,101
Ярославская область,Угличская,304,13434,3067,121,1439,921,4273,2500,123,38,159,170,20,74,127
Ярославская область,"Ярославль, Дзержинская",679,37258,9552,428,3119,3082,9360,8209,636,143,415,432,51,235,349
Ярославская область,"Ярославль, Заволжская",497,28670,7833,343,2364,2230,7495,5658,530,124,333,306,39,181,275
Ярославская область,"Ярославль, Кировская",198,15449,3748,275,940,1321,4095,3396,547,81,175,110,30,126,173
Ярославская область,"Ярославль, Красноперекопская",245,16554,3662,238,1384,1377,5317,3042,326,66,195,169,28,143,134
Ярославская область,"Ярославль, Ленинская",347,15440,3881,258,1163,1354,3926,3127,428,66,166,170,26,135,158
Ярославская область,"Ярославль, Фрунзенская",603,31741,8179,406,2666,2695,8263,6331,672,129,331,388,48,226,289
Ярославская область,Ярославская - 194,182,8176,2339,89,748,628,2371,1322,108,29,77,88,7,59,67
Ярославская область,Ярославская - 195,201,8736,2168,87,841,671,2551,1704,108,21,88,89,12,51,56
город Москва,Академический район,367,15495,4619,244,929,1045,3822,1164,2006,182,351,181,47,204,207
город Москва,Алексеевский район,289,11599,3631,209,710,734,2931,960,1033,153,329,144,36,193,155
город Москва,Алтуфьевский район,232,135052,23586,4668,11377,9052,59125,9224,4292,1374,2087,1275,407,3601,1381
город Москва,Бабушкинский район,459,14687,4437,241,1058,844,4569,1255,695,154,355,156,22,183,227
город Москва,Басманный район,450,19021,4924,344,1199,1181,5734,1349,2231,201,543,179,49,272,225
город Москва,Бескудниковский район,344,10985,3088,202,868,753,2943,1192,670,82,279,163,35,154,159
город Москва,Бутырский район,289,9652,3277,155,610,618,2418,793,720,108,191,141,18,148,155
город Москва,Войковский район,257,142266,24596,4787,10972,10890,60402,10408,5032,1904,2283,1444,497,3090,2371
город Москва,Гагаринский район,342,12002,3650,172,582,800,2589,1019,1928,149,282,137,30,140,168
город Москва,Головинский район,634,14740,4491,236,1033,915,4204,1359,827,127,319,205,30,189,284
город Москва,Даниловский район,344,134704,23788,3353,10129,11458,58331,9116,5727,1712,2424,1297,250,2568,1421
город Москва,Дмитровский район,1031,11369,3300,206,954,738,3230,1110,526,62,270,168,33,153,198
город Москва,Донской район,338,7256,2185,100,512,447,2286,491,506,68,158,108,15,94,75
город Москва,Красносельский район,342,8875,2156,150,527,541,3113,611,801,77,234,93,23,135,103
город Москва,Левобережный район,153,8971,2860,139,519,571,2445,788,620,72,176,136,21,125,192
город Москва,Ломоносовский район,306,13324,3965,222,757,886,3085,1113,1913,148,308,128,40,164,189
город Москва,Лосиноостровский район,345,13224,4368,187,916,825,3762,1048,551,111,450,183,20,171,197
город Москва,Мещанский район,223,11216,3004,200,649,760,3141,838,1371,131,332,111,26,163,111
город Москва,Можайский район,458,133563,25507,4419,9226,9641,55722,9171,6388,1903,2277,1298,250,2915,1605
город Москва,Молжаниновский район,25,2208,695,34,189,147,676,172,51,16,40,37,5,36,29
город Москва,Нагорный район,315,10387,3464,119,657,745,2911,864,562,85,259,154,12,104,145
город Москва,Нижегородский район,187,5757,1925,62,486,332,1654,406,235,43,126,82,20,77,100
город Москва,Новомосковская,742,35536,9474,491,2430,3753,12522,2275,1027,432,746,401,97,498,479
город Москва,Обручевский район,241,11623,3314,174,659,802,3149,968,1378,131,270,141,25,129,143
город Москва,Останкинский район,537,9777,3243,167,564,627,2400,765,881,146,211,119,22,149,134
город Москва,Пресненский район,378,19319,5090,319,1144,1277,4965,1459,2825,270,586,168,51,319,219
город Москва,Рязанский район,256,16407,4839,203,926,819,6451,1108,569,105,285,194,45,165,242
город Москва,Савеловский район,569,9049,2466,173,661,617,2323,877,881,93,249,119,17,134,147
город Москва,Сосенская,888,35128,9611,434,2701,3884,11225,2593,1087,359,756,418,119,534,426
город Москва,Таганский район,358,19812,5342,297,1246,1168,5653,1650,2115,195,547,231,45,283,293
город Москва,Тверской район,421,15473,3897,314,1118,1128,4055,1038,1932,234,465,146,38,427,200
город Москва,Тимирязевский район,205,12503,3620,253,769,857,3156,1173,1229,122,331,168,30,173,199
город Москва,Троицкий административный округ,806,29988,8380,349,2395,2788,10060,2267,691,357,484,459,69,366,371
город Москва,Хорошевский район,247,13828,4026,330,754,1148,3448,1185,1335,159,322,184,37,251,213
город Москва,Южнопортовый район,198,11260,3519,135,764,674,3611,799,542,85,293,157,26,120,169
город Москва,Ярославский район,376,135918,24223,4428,9896,9485,57872,9608,5535,2239,3249,1165,464,3133,1293
город Москва,район Арбат,138,105149,14347,3138,6571,7839,44756,7046,8778,1944,2558,760,373,2598,1089
город Москва,район Аэропорт,252,11835,3274,248,697,867,2684,1170,1442,159,360,126,39,207,191
город Москва,район Беговой,162,6206,1710,132,397,449,1588,552,635,74,183,61,13,105,100
город Москва,район Бибирево,910,21059,6868,297,1676,1107,6340,1801,730,112,417,332,52,261,314
город Москва,район Бирюлево Восточное,451,20130,6349,236,1564,1163,6476,1652,621,120,441,306,56,229,237
город Москва,район Бирюлево Западное,255,9821,2729,115,1065,536,3407,777,245,39,193,162,18,105,113
город Москва,район Богородское,385,16371,5344,272,1201,920,4660,1306,769,166,389,239,44,261,281
город Москва,район Братеево,274,13932,4020,162,1007,733,5382,1037,367,80,237,197,27,132,188
город Москва,район Вешняки,425,19058,5931,303,1287,985,5978,1619,810,131,443,283,43,243,284
город Москва,район Внуково,99,3777,1070,46,284,313,1340,263,92,31,62,49,4,26,55
город Москва,район Восточное Дегунино,338,13548,4062,213,1084,815,3694,1419,725,94,364,171,28,158,219
город Москва,район Восточное Измайлово,255,11431,3696,170,803,621,3264,940,619,84,235,136,19,236,207
город Москва,район Восточный,58,2180,681,20,183,113,743,176,48,16,35,34,4,25,27
город Москва,район Выхино-Жулебино,733,33381,10128,404,2173,1891,11696,2447,1226,404,597,380,72,353,458
город Москва,район Гольяново,511,25774,7675,315,1617,1298,9406,1804,1067,177,493,325,50,333,385
город Москва,район Дорогомилово,271,10342,3343,160,471,650,2964,720,948,129,230,129,17,123,153
город Москва,район Замоскворечье,150,7838,2166,122,450,514,1995,555,1162,112,237,75,22,111,88
город Москва,район Западное Дегунино,322,12766,3669,238,997,820,3613,1228,725,75,278,186,28,166,198
город Москва,район Зюзино,441,16634,4711,201,1119,959,5047,1382,1556,135,375,207,39,173,220
город Москва,район Зябликово,390,17257,5331,226,1140,913,6154,1290,542,110,329,255,26,189,240
город Москва,район Ивановское,411,135846,25623,4396,11004,9271,56034,8949,5579,1666,2555,1311,343,3698,1649
город Москва,район Измайлово,353,15953,5083,271,1216,924,4275,1320,1105,129,338,197,28,333,249
город Москва,район Капотня,97,4925,1110,66,336,223,2485,272,67,14,58,40,7,61,43
город Москва,район Коньково,501,22811,6234,364,1436,1439,6226,2179,2619,228,493,274,46,251,329
город Москва,район Коптево,384,14567,4087,289,1047,959,3830,1500,1174,124,381,191,30,211,227
город Москва,район Косино-Ухтомский,256,11142,4103,158,771,647,3234,760,269,66,219,167,26,130,176
город Москва,район Котловка,223,8801,2802,102,689,530,2487,797,453,80,190,142,20,80,129
город Москва,район Крылатское,307,15667,4876,281,995,860,4816,1236,989,142,298,214,31,257,226
город Москва,район Крюково,333,19278,5858,257,1346,1187,6903,1344,522,111,312,270,42,230,311
город Москва,район Кузьминки,409,19192,5693,243,1330,944,7047,1498,680,119,349,186,47,178,270
город Москва,район Кунцево,473,21976,7350,322,1318,1340,6102,1754,1451,180,464,338,31,261,349
город Москва,район Куркино,126,5881,1936,109,375,495,1507,424,339,76,124,81,15,110,127
город Москва,район Лефортово,298,17545,4347,242,1355,1068,6332,1066,1352,136,429,163,39,268,196
город Москва,район Лианозово,572,12449,4021,191,874,680,3837,1029,464,79,252,199,20,154,173
город Москва,район Люблино,708,28266,7979,386,2251,1575,10579,2018,847,158,517,339,73,285,303
город Москва,район Марфино,154,5178,1848,91,325,282,1335,408,294,85,113,63,13,77,70
город Москва,район Марьина Роща,325,8475,2673,152,559,487,2266,679,678,92,202,111,15,158,122
город Москва,район Марьино,849,175623,33439,4571,13154,12575,77829,11541,4917,2292,3265,1674,584,3143,1673
город Москва,район Матушкино,128,7904,2500,91,592,475,2569,613,237,39,140,113,24,88,158
город Москва,район Метрогородок,129,5501,1661,76,460,296,1761,383,214,39,109,87,17,92,87
город Москва,район Митино,709,28524,9355,450,1889,1964,8264,2232,1235,226,621,430,43,318,431
город Москва,район Москворечье-Сабурово,750,10613,3560,133,813,708,3024,860,456,80,219,140,20,122,131
город Москва,район Нагатино-Садовники,267,12397,3940,174,871,841,3693,1016,621,101,239,187,20,155,145
город Москва,район Нагатинский затон,346,16964,5364,217,1083,940,5414,1396,806,145,339,251,41,212,238
город Москва,район Некрасовка,336,13895,4572,227,1033,894,4804,870,271,88,253,189,24,160,129
город Москва,район Ново-Переделкино,338,178057,25964,4780,13004,18769,82432,11532,4592,2917,3013,1513,551,3516,1661
город Москва,район Новогиреево,351,14493,4760,228,1042,883,3822,1286,748,132,284,201,40,222,262
город Москва,район Новокосино,341,14785,5002,223,999,875,4411,1243,438,100,244,191,28,200,254
город Москва,район Орехово-Борисово Северное,485,148975,27106,4589,12001,10921,65525,10387,4344,1549,2615,1633,449,2948,1398
город Москва,район Орехово-Борисово Южное,421,20991,6334,269,1502,1103,7676,1425,658,142,434,289,80,259,257
город Москва,район Отрадное,1087,27923,9111,432,2098,1612,7923,2351,1327,195,528,440,54,455,392
город Москва,район Очаково-Матвеевское,450,19206,5069,224,1354,1971,6450,1431,819,193,383,238,44,256,221
город Москва,район Перово,456,158282,29228,5041,11937,10434,69010,10963,4916,1601,2756,1608,501,3246,2090
город Москва,район Печатники,384,13671,3931,163,1187,777,4629,1087,486,71,335,204,28,163,190
город Москва,район Покровское-Стрешнево,370,9900,3037,169,734,625,2892,872,460,89,213,158,16,115,142
город Москва,район Преображенское,449,13413,4317,218,982,794,3575,1033,945,100,293,196,33,240,216
город Москва,район Проспект Вернадского,203,9509,2970,176,556,618,2551,715,858,103,245,140,9,134,141
город Москва,район Раменки,368,19987,7380,360,982,1247,4949,1450,1590,226,495,226,44,261,277
город Москва,район Ростокино,186,5955,1955,94,327,356,1658,551,385,69,132,62,12,74,90
город Москва,район Савелки,127,6871,2143,109,476,444,2100,603,283,50,128,96,8,83,137
город Москва,район Свиблово,394,9315,3351,169,579,582,2372,774,477,124,185,118,30,134,148
город Москва,район Северное Бутово,357,13748,4565,260,901,910,4015,1126,551,97,284,244,32,137,200
город Москва,район Северное Измайлово,252,12938,4114,197,938,742,3787,1016,729,72,301,170,26,209,200
город Москва,район Северное Медведково,491,15668,5280,242,1382,886,4253,1317,683,119,285,234,31,186,237
город Москва,район Северное Тушино,495,20852,6638,282,1507,1254,5881,1920,1003,163,409,391,50,227,384
город Москва,район Северный,305,5968,2078,99,469,344,1611,457,231,37,129,107,13,96,78
город Москва,район Силино,197,8663,2581,108,683,497,2871,749,249,45,156,140,23,113,165
город Москва,район Сокол,241,136969,20400,5211,10132,10750,56502,11325,7954,1747,3013,1252,363,3279,1428
город Москва,район Соколиная гора,784,13725,4419,203,999,840,3749,1139,870,109,312,171,28,209,204
город Москва,район Сокольники,465,11948,3433,225,1021,766,3438,894,742,141,278,160,32,225,180
город Москва,район Солнцево,508,16913,4692,220,1224,1826,5333,1329,553,159,345,213,40,209,226
город Москва,район Старое Крюково,131,6135,1832,79,460,334,2169,463,158,32,100,100,15,81,103
город Москва,район Строгино,554,23191,7014,362,1617,1477,7069,1990,1262,144,458,356,33,228,361
город Москва,район Текстильщики,284,15460,4434,202,1133,721,5794,1088,605,119,302,172,17,159,213
город Москва,район Теплый Стан,621,138473,21650,4105,9179,10117,57813,10826,10921,2156,2720,1115,569,2576,1411
город Москва,район Тропарево-Никулино,402,20273,5650,263,1135,2321,5548,1791,1469,247,479,228,41,282,266
город Москва,район Филевский парк,288,12249,4095,211,819,720,3135,994,910,111,274,182,14,166,205
город Москва,район Фили-Давыдково,368,15279,5324,263,978,882,3879,1182,1069,156,356,217,27,213,233
город Москва,район Хамовники,318,17710,4437,300,1096,1235,5069,1185,2490,266,477,164,41,267,223
город Москва,район Ховрино,443,15231,4961,286,960,962,3874,1370,1007,157,355,215,45,205,327
город Москва,район Хорошево-Мневники,501,144458,26188,4553,10016,11945,60405,10109,6184,1670,2579,1467,317,2645,1513
город Москва,район Царицыно,319,16158,4989,233,1205,942,5186,1355,594,88,324,207,40,210,232
город Москва,район Черемушки,330,16287,4473,221,953,1012,5148,1287,1645,154,323,195,40,159,230
город Москва,район Чертаново Северное,586,14319,4733,204,833,914,3956,1364,801,101,324,231,21,138,234
город Москва,район Чертаново Центральное,286,15761,4855,249,990,860,5501,1160,637,79,305,214,39,173,230
город Москва,район Чертаново Южное,485,21523,6711,316,1523,1334,7046,1686,775,132,408,338,56,252,295
город Москва,район Щукино,667,16765,5193,310,1073,1202,4343,1524,1209,162,373,311,29,209,255
город Москва,район Южное Бутово,597,156046,30397,5337,11013,12690,66058,11094,4885,1491,2639,1757,719,2907,1518
город Москва,район Южное Медведково,354,13106,4129,235,1232,846,3679,967,525,116,256,193,32,203,167
город Москва,район Южное Тушино,417,15450,4862,223,1115,982,4342,1438,691,110,337,279,23,172,238
город Москва,район Якиманка,307,5080,1213,73,243,362,1770,316,564,58,143,52,15,62,53
город Москва,район Ясенево,595,26356,8206,473,1606,1593,7956,2458,1408,184,513,397,61,321,379
